[
  {"title": "【老k有话说】英格兰vs安道尔的降维打击：维拉公园的“教学赛”？  原创", "url": "https://mp.weixin.qq.com/s/9HGlOh8CxWQo3AtU5Z1BCA", "date": "09月06日"},
  {"title": "【老k有话说】北欧硬汉遇上巴尔干铁壁，这场闷战我看穿了！  原创", "url": "https://mp.weixin.qq.com/s/rPvJZqiQ4c_OAQ__8crJ5w", "date": "09月05日"},
  {"title": "【老k有话说】梅西轮休！委内瑞拉客场还会遭到碾压吗？  原创", "url": "https://mp.weixin.qq.com/s/2mtzb8lJw2KNpzDjlNdmoA", "date": "09月04日"},
  {"title": "【老k有话说】中亚铁骑vs红龙军团，并非“菜鸡互啄”而是暗藏玄机！  原创", "url": "https://mp.weixin.qq.com/s/FCG3ahB7DH88thKZV0vwZA", "date": "09月03日"},
  {"title": "【老k有话说】德国战车碾压斯洛伐克？小心阴沟里翻船！  原创", "url": "https://mp.weixin.qq.com/s/s1m_WmspcKhl-A9d0W1ErQ", "date": "09月02日"},
  {"title": "【老k有话说】曼城客场要翻车？布莱顿专治各种不服！  原创", "url": "https://mp.weixin.qq.com/s/GuLPQjP836hYl0S59vbYWw", "date": "08月31日"},
  {"title": "【老k有话说】另类的伦敦德比：切尔西轻松拿捏富勒姆？  原创", "url": "https://mp.weixin.qq.com/s/w6fbzgkg4i3jXz3w8IRtWg", "date": "08月30日"},
  {"title": "【老k有话说】本菲卡vs费内巴切：穆帅的比赛你还在期待什么？  原创", "url": "https://mp.weixin.qq.com/s/HZKh2C4IS_oX7UlpQhn0YQ", "date": "08月27日"},
  {"title": "【老k有话说】英联赛杯前瞻：迷雾中的樱桃与蜜蜂  原创", "url": "https://mp.weixin.qq.com/s/QY-jditKz-B_xcFdMzDROQ", "date": "08月26日"},
  {"title": "【老k有话说】缺少伊萨克的纽卡斯尔，却是利物浦最该害怕的？  原创", "url": "https://mp.weixin.qq.com/s/oY3MDVrA9bv-FIp3lREoUw", "date": "08月25日"},
  {"title": "【老k有话说】尤文新帅的揭幕战魔咒，帕尔马真能续写克星传奇？  原创", "url": "https://mp.weixin.qq.com/s/JSnEViqmXRZ4mgtCb7ZkPw", "date": "08月24日"},
  {"title": "【老k有话说】曼城vs热刺：弗兰克遇强敌，醒来又是一场3-0？  原创", "url": "https://mp.weixin.qq.com/s/h5-IsUaPHIggg16iVrFmHA", "date": "08月23日"},
  {"title": "【老k有话说】拜仁vs莱比锡：德甲揭幕战就玩这么大!  原创", "url": "https://mp.weixin.qq.com/s/paHxR3wekVl9XA5VLgP8rQ", "date": "08月22日"},
  {"title": "【老k有话说】罗森博格vs美因茨：没有正赛的状态哪里来？  原创", "url": "https://mp.weixin.qq.com/s/rO3lCvnYVFH0K1291LonEQ", "date": "08月21日"},
  {"title": "【老k有话说】费内巴切vs本菲卡：“狂人”穆帅为何不再狂？  原创", "url": "https://mp.weixin.qq.com/s/VUJnKL2f6gHjeG0qithSUQ", "date": "08月20日"},
  {"title": "【老k有话说】银河战舰首航！皇马vs奥萨苏纳的\"疲劳\"陷阱？  原创", "url": "https://mp.weixin.qq.com/s/0JlYKWWPfgcbLV4_R6LDjw", "date": "08月19日"},
  {"title": "【老k有话说】葡超次轮：波尔图能否打破客场魔咒？  原创", "url": "https://mp.weixin.qq.com/s/fjf9HBvTCKS8avRRIDeFXA", "date": "08月18日"},
  {"title": "【老k有话说】曼联新阵VS阿森纳雄心：是塞斯科，还是哲凯赖什？  原创", "url": "https://mp.weixin.qq.com/s/lNkjp7oVjk4wTNYtQy1saQ", "date": "08月17日"},
  {"title": "【老k有话说】维拉VS纽卡：埃梅里能否笑到最后，埃迪豪却无力恋战？  原创", "url": "https://mp.weixin.qq.com/s/eYcCX5tb0tYznWn9AkDIww", "date": "08月16日"},
  {"title": "【老k有话说】英超终于来了！红军能否延续首轮不败神话？  原创", "url": "https://mp.weixin.qq.com/s/4Xs1rXk4LmSYsffhCOnOQw", "date": "08月15日"},
  {"title": "【老k有话说】布兰VS赫根：北欧内战的数据密码  原创", "url": "https://mp.weixin.qq.com/s/7Ld8Xpv7xtIb_0O7SoB6pQ", "date": "08月14日"},
  {"title": "【老k有话说】欧洲超级杯：大巴黎是如何让热刺苟延残喘的？  原创", "url": "https://mp.weixin.qq.com/s/tn4WNECTn51t3ZzohNdz8A", "date": "08月13日"},
  {"title": "【老k有话说】费内巴切VS费耶诺德：穆尼里奥要打自己？  原创", "url": "https://mp.weixin.qq.com/s/S3u1xbFBgwbHwWcpOIL-_A", "date": "08月12日"},
  {"title": "【老k有话说】社区盾杯：这把利物浦稳了？  原创", "url": "https://mp.weixin.qq.com/s/E7Ro0AA4SbhCDQqabONmwQ", "date": "08月10日"},
  {"title": "【老k有话说】你比我还要伤不起？国民的心理阴影：吉维森特！  原创", "url": "https://mp.weixin.qq.com/s/IIXOxWWqq5fdv4KqaESNtg", "date": "08月09日"}
]
