[
  {
    "id": "20251004205209625529",
    "title": "最终修复测试草稿箱",
    "content_length": 5337,
    "image_count": 3,
    "generated_at": "2025-10-04 20:52:09",
    "author": "老k",
    "digest": "告别草稿堆积！本文揭秘「最终修复测试」的终极奥秘，助你将草稿箱里的绝妙想法，蜕变为引爆全场的完美发布。立即解锁从灵感到爆款内容的秘密武器，让你的好内容不再被埋没！",
    "content_source_url": "https://mp.weixin.qq.com/s/9HGlOh8CxWQo3AtU5Z1BCA",
    "status": "saved",
    "cache_files": [
      "cache\\article_raw_最终修复测试草稿箱_20251004_205208.html",
      "cache\\article_cleaned_最终修复测试草稿箱_20251004_205209.html"
    ],
    "media_id": "BLsUCqptvgmi3HhG9lj9hmR5qy7a-qHXhNegxK_QGF4pzflBhNn-0ykhie5cEVnF",
    "publish_id": null,
    "msg_data_id": null,
    "publish_time": null,
    "mass_sent": false,
    "mass_msg_id": null,
    "mass_sent_at": null,
    "enable_mass_send": false,
    "saved_at": "2025-10-04 20:57:19"
  },
  {
    "id": "20251004203924259452",
    "title": "测试草稿箱保存功能",
    "content_length": 7562,
    "image_count": 3,
    "generated_at": "2025-10-04 20:39:24",
    "author": "老k",
    "digest": "💥灵感正盛却突遇闪退？辛苦创作的心血岌岌可危！别慌，微信草稿箱就是你的“安全气囊”！本文揭秘这一救命功能，教你如何告别内容丢失的噩梦，确保每一份创意都稳稳保存，安心创作无忧！",
    "content_source_url": "https://mp.weixin.qq.com/s/9HGlOh8CxWQo3AtU5Z1BCA",
    "status": "generated",
    "cache_files": [
      "cache\\article_raw_测试草稿箱保存功能_20251004_203924.html",
      "cache\\article_cleaned_测试草稿箱保存功能_20251004_203924.html"
    ],
    "media_id": null,
    "publish_id": null,
    "msg_data_id": null,
    "publish_time": null,
    "mass_sent": false,
    "mass_msg_id": null,
    "mass_sent_at": null,
    "enable_mass_send": false
  },
  {
    "id": "20251004203403146875",
    "title": "纯文字测试：今日足球推荐分析",
    "content_length": 5006,
    "image_count": 3,
    "generated_at": "2025-10-04 20:34:03",
    "author": "老k",
    "digest": "今日足球推荐，告别盲猜！参与一场“纯文字测试”，我们将用最纯粹、最深度的文字分析，为你带来精准赛事洞察。回归内容本质，让有价值的文字直抵人心，助你运筹帷幄！",
    "content_source_url": "https://mp.weixin.qq.com/s/9HGlOh8CxWQo3AtU5Z1BCA",
    "status": "generated",
    "cache_files": [
      "cache\\article_raw_纯文字测试今日足球推荐分析_20251004_203403.html",
      "cache\\article_cleaned_纯文字测试今日足球推荐分析_20251004_203403.html"
    ],
    "media_id": null,
    "publish_id": null,
    "msg_data_id": null,
    "publish_time": null,
    "mass_sent": false,
    "mass_msg_id": null,
    "mass_sent_at": null,
    "enable_mass_send": false
  },
  {
    "id": "20251004202821076773",
    "title": "测试：英超焦点战深度分析 - 曼城vs阿森纳战术解析",
    "content_length": 7219,
    "image_count": 3,
    "generated_at": "2025-10-04 20:28:21",
    "author": "老k",
    "digest": "英超争冠天王山之战，曼城vs阿森纳巅峰对决！本文深度剖析瓜迪奥拉与阿尔特塔的战术博弈，预测谁能在这场关键战中占据上风。球迷必看！",
    "content_source_url": "https://mp.weixin.qq.com/s/9HGlOh8CxWQo3AtU5Z1BCA",
    "status": "generated",
    "cache_files": [
      "cache\\article_raw_测试英超焦点战深度分析 - 曼城vs阿森_20251004_202821.html",
      "cache\\article_cleaned_测试英超焦点战深度分析 - 曼城vs阿森_20251004_202821.html"
    ],
    "media_id": null,
    "publish_id": null,
    "msg_data_id": null,
    "publish_time": null,
    "mass_sent": false,
    "mass_msg_id": null,
    "mass_sent_at": null,
    "enable_mass_send": false
  },
  {
    "id": "20251004172336466392",
    "title": "竞彩主任的比赛",
    "content_length": 2104,
    "image_count": 3,
    "generated_at": "2025-10-04 17:23:36",
    "author": "老k",
    "digest": "揭秘竞彩主任如何用数据掌控比赛命运，解析他们背后的足球智慧与心理博弈，带你走进足球世界的“幕后导演”。",
    "content_source_url": "https://mp.weixin.qq.com/s/9HGlOh8CxWQo3AtU5Z1BCA",
    "status": "generated",
    "cache_files": [
      "cache\\article_raw_竞彩主任的比赛_20251004_172336.html",
      "cache\\article_cleaned_竞彩主任的比赛_20251004_172336.html"
    ],
    "media_id": null,
    "publish_id": null,
    "msg_data_id": null,
    "publish_time": null,
    "mass_sent": false,
    "mass_msg_id": null,
    "mass_sent_at": null,
    "enable_mass_send": false
  },
  {
    "id": "20251004170801968753",
    "title": "足球推荐",
    "content_length": 3332,
    "image_count": 3,
    "generated_at": "2025-10-04 17:08:01",
    "author": "老k",
    "digest": "如何精准预测足球比赛结果？本文揭秘球队实力、状态分析及推荐技巧，助你提升预测准确率。",
    "content_source_url": "https://mp.weixin.qq.com/s/9HGlOh8CxWQo3AtU5Z1BCA",
    "status": "generated",
    "cache_files": [
      "cache\\article_raw_足球推荐_20251004_170801.html",
      "cache\\article_cleaned_足球推荐_20251004_170801.html"
    ],
    "media_id": null,
    "publish_id": null,
    "msg_data_id": null,
    "publish_time": null,
    "mass_sent": false,
    "mass_msg_id": null,
    "mass_sent_at": null,
    "enable_mass_send": false
  },
  {
    "id": "20251005014417876145",
    "title": "测试标题",
    "content": "测试内容",
    "ai_model": "gemini",
    "word_count": 1500,
    "metadata": {
      "test": true
    },
    "created_at": "2025-10-05T01:44:17.263405"
  },
  {
    "id": "20251005015413370629",
    "title": "测试标题",
    "content": "测试内容",
    "ai_model": "deepseek",
    "word_count": 1500,
    "metadata": {
      "test": true
    },
    "created_at": "2025-10-05T01:54:13.926656"
  },
  {
    "id": "20251005020050785042",
    "title": "测试标题",
    "content": "测试内容",
    "ai_model": "deepseek",
    "word_count": 1500,
    "metadata": {
      "test": true
    },
    "created_at": "2025-10-05T02:00:50.734397"
  },
  {
    "id": "20251005020452605380",
    "title": "测试标题",
    "content": "测试内容",
    "ai_model": "deepseek",
    "word_count": 1500,
    "metadata": {
      "test": true
    },
    "created_at": "2025-10-05T02:04:52.809473"
  }
]